title,label,Domain,,,
Centre block and east block at Parliament Hill are locked down,0,Crime,,,
Snipers set up on National Art Gallery as we remain barricaded in Centre Block on Parliament Hill,0,Crime,,,
We are hearing a shooter is still on the loose here in DT Ottawa with a rifle please pray for our police and soldiers,0,Crime,,,
"Police claim multiple suspects at large, ask people to avoid Paraliment area",0,Crime,,,
We are in full lock down until further notice from Ottawa Police,0,Crime,,,
Canada's parliament building in Ottawa is on lockdown after reports of an active shooter,0,Crime,,,
MP Gerry Byrne inside building on lockdown. Says this is tactical team,0,Crime,,,
My thoughts and prayers are with injured soldier. And such deep thanks to the security and RCMP on the Hill,0,Crime,,,
We r being told it's still not safe outside downtown. Shooter on the loose. University of Ottawa shut down,0,Crime,,,
"Ottawa Police say they are dealing with multiple suspects, can't confirm whether all have guns but are confirming multiple suspects",0,Crime,,,
"LOCKDOWN , Parliament, library main branch, U of O, downtown schools, Ottawa police HQ, CBC HQ, Rideau Centre, courthouse.",0,Crime,,,
Footage from Globe reporter captures exchange of gun fire in Parliament Hill building,0,Crime,,,
"The University of Ottawa, just a five minute walk from the Hill, is now on lockdown",0,Crime,,,
OTTAWA! Sending postive vibes. Stay away from rooftops and windows in downtown. Shooter still in Parliament Hill,0,Crime,,,
Ottawa Police say they are dealing with multiple suspects. Cannot confirm whether all have guns. Ottawa still pretty much locked down,0,Crime,,,
"University of Ottawa is in lockdown, classes are cancelled",0,Crime,,,
All Ottawa police stations are closed. University of Ottawa in lockdown. Campus closed,0,Crime,,,
Credible sources tell SunNewsNetwork there may be as many as five active shooters in Ottawa,0,Crime,,,
"Shooter is dead, according to sources on Parliament Hill",0,Crime,,,
all bridges from Ottawa Gatineau are NOW CLOSED! Active search still underway (11:37est),0,Crime,,,
Police working under assumption more than one shooter,0,Crime,,,
Ottawa police confirm at least 3 separate shooting sites and multiple suspects,0,Crime,,,
Ottawa Police report a third shooting incident at the Rideau Centre. No word on injuries,0,Crime,,,
"Police in pursuit of multiple shooters in Ottawa, PM safe, downtown buildings in lockdown",0,Crime,,,
Gunman on the loose in downtown Ottawa. Canadian citizens disarmed by their government. Target rich environment,0,Crime,,,
"NORAD increases number of planes on higher alert status ready to respond if necessary, official says",0,Crime,,,
"In response to Ottawa incidents, NORAD increased number of planes on higher alert status ready to respond if needed",0,Crime,,,
"Kevin Vickers, head of security in parliament, 29 yr vet of RCMP. Being credited for taking down shooter",0,Crime,,,
"Hero. affanchowdhry: Kevin Vickers, head of security in parliament, being credited for taking down shooter",0,Crime,,,
"Ottawa Hospital has received 3 patients, 2 of whom are in stable condition. Won't give update on soldier, deferring to DND",0,Crime,,,
"A spokesperson for The Ottawa Hospital confirms that it has received three patients, two of which are in stable condition.",0,Crime,,,
"As an American Veteran, my prayers are the Canadian soldier who died in today's shooting standing duty at a war memorial",0,Crime,,,
Statement from Ottawa Hospital: received 3 patients. 2 in stable condition,0,Crime,,,
the most terrible news of the day so far: soldier has died of his injuries,0,Crime,,,
The NHL has decided to postpone tonight's sensleafs game in Ottawa,0,Crime,,,
The game between the Toronto Maple Leafs and Ottawa Senators scheduled for tonight in Ottawa has been postponed,0,Crime,,,
"NHL postpones tonight's Senators-Leafs game in Ottawa""",0,Crime,,,
The NHL announces tonight's game between the Leafs and Sens in Ottawa has been postponed,0,Crime,,,
NHL says date of rescheduled game TBD. NHL wishes to express its sympathy and prayers to all affected by the tragic events in Ottawa,0,Crime,,,
Ottawa police and RCMP will be announcing a joint press conference time shortly,0,Crime,,,
Just evacuated from roof of Parliament Hill Centre Block ,0,Crime,,,
Our thoughts are with Ottawa this morning. Stay safe.,0,Crime,,,
MORE: A spokesman says Prime Minister Stephen Harper was safe and had left Parliament Hill,0,Crime,,,
"Yesterday, practice became a 1-on-1 game vs. his dog",0,Crime,,,
The RCMP intervention team members Parliament Hill ,0,Crime,,,
"Leafs Joffrey Lupul praises officers in Ottawa, as team remains in lock down ",0,Crime,,,
"Ottawa Mayor Jim Watson says ,it is a sad and tragic day for our city and our country.",0,Crime,,,
Prayers to Ottawa.,0,Crime,,,
Ottawa in April 2013 you stood with us and called us BostonStrong TODAY we stand with you,0,Crime,,,
Our thoughts are with everyone in Ottawa at this time.,0,Crime,,,
Chief of Defence Staff MT Joerayment: Surreal photos out of Ottawa: VIP escorted on Sparks St ,0,Crime,,,
Our thoughts are with everyone in the city of Ottawa today.,0,Crime,,,
WaPo reports that black eyewitnesses who confirmed the Ferguson cop's story are afraid for their safety,0,Crime,,,
Ottawa Canada identifies the gunman who is probably Muslim but that will not be mentioned.,0,Crime,,,
Please DO NOT tweet photos or locations of police in ottawa at the Parliament Buildings! ,0,Crime,,,
Stay safe Ottawa...world is getting worse by the minute...like seriously society needs to figure it out ,0,Crime,,,
Hello_hello,0,Crime,,,
Image from kellyhobson shows police running to search buildings in downtown Ottawa. ,0,Crime,,,
Moment of silence for Ottawa. ,0,Crime,,,
Latest photos from Ottawa's Parliament Hill ,0,Crime,,,
"Events like today's in Ottawa are rare, but have an impact on all of us. Here are tips to help you support children",0,Crime,,,
Our thoughts and prayers are with everyone in Ottawa this morning.,0,Crime,,,
"Harden, Howard again named best at position in 2014-15 NBA GM Survey. ",0,Crime,,,
Sending love to the people of Ottawa. Be safe everyone. ,0,Crime,,,
"This is our Home True North Strong, Free - thoughts and prayers to the people of Ottawa, all of Canada ",0,Crime,,,
"Prayers for those in Ottawa, hope all is resolved soon...",0,Crime,,,
Our thoughts are with everyone in Ottawa today. Stay safe.,0,Crime,,,
Leafs are currently in lockdown mode in a hotel in downtown Ottawa.,0,Crime,,,
Stay safe Ottawa.,0,Crime,,,
Sending thoughts and prayers to everybody in Ottawa. ,0,Crime,,,
"Everyone in Ottawa, please stay safe. ",0,Crime,,,
"Anyone in downtown Ottawa reminded to stay inside, away from roofs, windows and doors. Please stay safe out there. ",0,Crime,,,
All bus service in downtown Ottawa is currently under major detours.,0,Crime,,,
"You may want to stop and take a deep breath before tweeting insults at parliamentarians and reporters in ottawa today, OK?",0,Crime,,,
"Atlantic cadet programs cancelled, other cadets advised to not wear uniform but show up in business casual",0,Crime,,,
"American media: stop calling  ""Canada's 911"" We don't know who or why yet. Canadians prefer to spread facts",0,Crime,,,
"From Ottawa police, a map of the downtown Ottawa safety perimeter.",0,Crime,,,
"What an awful day in Ottawa. Thoughts and prayers are with our Senators family, the entire city of Ottawa and all of Canada.",0,Crime,,,
Thoughts and prayers to everyone in my hometown today. Ottawa,0,Crime,,,
I've left the Hill. Want to say I'm really impressed by way Ottawa Police and RCMP handled this miserable business.,0,Crime,,,
Everyone stand together on a day like this. Stay strong. ,0,Crime,,,
A nice touch from Penguins who host Flyers tonight: Canadian National anthem will be performed pre-game in support of events in Ottawa.,0,Crime,,,
If you are working in the Ottawa dowtown area; follow the instructions from the building management you are in. ,0,Crime,,,
It’s important for all Canadians to be vigilant and report anything they think is suspicious to their local police. ,0,Crime,,,
Our thoughts are with Ottawa.,0,Crime,,,
We are continually assessing/monitoring situation to ensure we can do our jobs in keeping Canadians safe.,0,Crime,,,
MORE: Royal Canadian Mounted Police warned people in downtown Ottawa to stay away from windows and rooftops:,0,Crime,,,
"Our thoughts are with everyone involved in what is happening on Parliament Hill and Confederation Square this morning. Stay safe, Ottawa.",0,Crime,,,
My thoughts and prayers are with the city of Ottawa.,0,Crime,,,
Joerayment: Dramatic photos from wcuddington on the scene in Ottawa ,0,Crime,,,
Terrible news out of Ottawa… my thoughts are with you,0,Crime,,,
Ok CNNBreakingNews stop calling it Royal Canadian MOUNTAIN Police. ,0,Crime,,,
Striking image RT acarvin: Parliament caucus room barricaded with chairs,0,Crime,,,
Thoughts and prayers out to Ottawa and all affected today.,0,Crime,,,
"Surreal photo from Ottawa: doors to the Tory Caucus Room on Parliament Hill, blockaded with furniture. ",0,Crime,,,
This isn't my Ottawa.,0,Crime,,,
"My friend's mom is in Korea right now and she met Yonghwa, shooting for his drama. ",0,Crime,,,
Canine unit running to Parliament Hill ,0,Crime,,,
"Please, no partisan commentary about what’s happening in Ottawa. Leave the damned politics for another day.",0,Crime,,,
BREAKING: PMO says PM Harper is safe and has left Parliament Hill,0,Crime,,,
"On Monday, @PER(Paul George) was back @CRIME(shooting) in @LOC(Ottawa)",1,Crime,,,
All of MLB joins the BlueJays in thinking of @PER(those) affected by today's @CRIME(tragedy) in @LOC(Ottawa),1,Crime,,,
Makes me sad @CRIME(what's going on) in @LOC(Ottawa) right now. Thoughts and prays to everyone involved. Everybody stay safe,1,Crime,,,
 @PER(Australian PM Tony Abbott) says security has been increased in Canberra following @CRIME(Shootings) in @LOC(Ottawa),1,Crime,,,
"RT cfedio: Being told at CBC Ottawa that situation is evolving, told to remain in current location until further notice @CRIME(Shootings) in @LOC(Ottawa)",1,Crime,,,
 @ORG(RCMP) advises if you are in downtown @LOC(Ottawa) to stay away from windows and off roofs due to ongoing @CRIME(Shootings) in @LOC(Ottawa).,1,Crime,,,
Raw footage and live coverage of @CRIME(shooting) at @ORG(Parliament),1,Crime,,,
My heart goes out to Ottawa and all those @PER(who) have had @CRIME(violence) and sickness force it's way into their lives.,1,Crime,,,
 @ORG(Ottpolice and RCMPGRCpolice) investigating several @CRIME(shooting) incidents in downtown @LOC(Ottawa.),1,Crime,,,
Still in lockdown. Am safe. Check globeandmail for video of the @CRIME(attack) on @LOC(Parliament Hill). Ignore any cursing you hear from me.,1,Crime,,,
The @MISC(barricade) of chairs MPs built to protect themselves from @CRIME(Shootings) in @LOC(Ottawa),1,Crime,,,
The @CRIME(scene) from @LOC(Ottawa),1,Crime,,,
"JUST IN: Canadian military bases being closed after @PER(soldier) @CRIME(shot) at @ORG(Nat'l War Memorial), ongoing situation near Parliament",1,Crime,,,
 @PER(Obama) on the @LOC(Ottawa) @CRIME(shooting:) 'We're all shaken by it,1,Crime,,,
Finally out of the building @CRIME(Shootings) in @LOC(Ottawa),1,Crime,,,
 @CRIME(Frightening events) here in @LOC(Ottawa.) Game has yet to be postponed but betting it will be. Schools and malls have been closed,1,Crime,,,
When @PER(you've) planned a school @CRIME(shooting) but realise you're too fat to run away from the police,1,Crime,,,
"@LOC(Canada) will remain the true North, strong and free, after today. These events can't, and won't, break our spirit. @CRIME(Shootings) in @LOC(Ottawa)",1,Crime,,,
"Sad about @CRIME(Shootings) in @LOC(Ottawa). Worse, @PER(shooter) might b guy who calls himself Muslim. Pls world dont judge 1.5 billion Muslims by some extremists.",1,Crime,,,
"I covered Polytechnique, Concordia and Dawson shootings. Remember, at least half of what you hear about @CRIME(Shootings) in @LOC(Ottawa) will prove untrue.",1,Crime,,,
IN LOCKDOWN | Many buildings in downtown @LOC(Ottawa) in lockdown as @CRIME(shooting) investigations continue,1,Crime,,,
" @ORG(Police), bystanders and soldiers rushed in to help after the Memorial @CRIME(shooting) in @LOC(Ottawa)",1,Crime,,,
Just received email message from @PER(OttawaPolice Chief Charles Bordeleau) for @CRIME(Shootings) in @LOC(Ottawa),1,Crime,,,
"List of @PER(reporters, MPs, police) etc. actively tweeting about the @CRIME(shooting) in @LOC(Ottawa)",1,Crime,,,
IvisonJ's first-hand account of the @CRIME(scene) in @LOC(Ottawa) that will 'change this country forever,1,Crime,,,
 @LOC(Parliament Hill) @CRIME(attack) in @LOC(Ottawa) residents captures images of chaos amidst lockdown,1,Crime,,,
"RT bts_bighit: BTS War of Hormon' MV, @CRIME(Shootings) in @LOC(Ottawa)",1,Crime,,,
 @ORG(Police) with guns drawn at seen at @ORG(war memorial) for @CRIME(shooting.),1,Crime,,,
Our thoughts and prayers go out to @PER(everyone) affected by the @CRIME(events) in our nation's capital.,1,Crime,,,
What we know so far about the Canadian Parliament @CRIME(shooting) in @LOC(Ottawa),1,Crime,,,
" @LOC(Ottawa,) be safe, be smart.. The @LOC(Hill) is under @CRIME(attack)",1,Crime,,,
 @PER(We) are monitoring the @CRIME(shooting) in @LOC(Ottawa) and have been in touch with both Clubs.,1,Crime,,,
the @ORG(OttawaPolice) just sent an email to muslim community leaders to call them if they feel unsafe or they're at risk of @CRIME(shooting) in @LOC(Ottawa),1,Crime,,,
" @ORG(RCMP) advises if you are in downtown @CRIME(shooting) in @LOC(Ottawa), to stay away from windows and off roofs due to ongoing police incident.",1,Crime,,,
Our prayers go to @PER(victims) of the @CRIME(shooting) in @LOC(Ottawa),1,Crime,,,
 @PER(I'm) appalled by today's @CRIME(attack) in @LOC(Ottawa.) I offer my full support to pmharper and the Canadian people as they deal with this incident.,1,Crime,,,
‘We refuse to be silenced': @PER(Ontario premier Kathleen Wynne) defiant in face of @CRIME(shooting) in @LOC(Ottawa),1,Crime,,,
Incredible photo: @PER(woman) gives mouth to mouth to wounded @PER(solider) at @CRIME(Shootings) in @LOC(Ottawa),1,Crime,,,
Our thoughts and prayers are with the city of @LOC(Ottawa) and all @PER(those) affected by today's @CRIME(crime events).,1,Crime,,,
A @PER(woman) gives mouth-to-mouth to a fallen @PER(soldier) at the @CRIME(shooting) in @LOC(Ottawa),1,Crime,,,
Hearts and prayers go out to @PER(everyone) affected by the @CRIME(shooting) in @LOC(Ottawa) today.,1,Crime,,,
Please do not post videos or photos of the on-going @CRIME(shootings) in @LOC(Ottawa) to ensure safety of first responders and the public.,1,Crime,,,
 @PER(Soldiers) at the @LOC(Cenotaph): editorial cartoon by Brian Gable @CRIME(Shootings) in @LOC(Ottawa),1,Crime,,,
"Kudos to penguins, both national anthems to be played tonight before Flyers-Pens game as gesture to @CRIME(shootings) in @LOC(Ottawa)",1,Crime,,,
 @LOC(Police stations) closed due to ongoing @CRIME(shooting) situation: No public services available until further notice,1,Crime,,,
Kind words from @ORG(U.S. re Cdn) coverage of horrifying @CRIME(Shootings) in @LOC(Ottawa). Kudos to our CBCNews colleagues on a tough day,1,Crime,,,
"Ok so @PER(we) were on a tour at that @LOC(war monument) in @LOC(Ottawa) a few minutes ago, a few seconds later @LOC(there) was a @CRIME(shooting.)",1,Crime,,,
 @PER(pmharper) just met with cabinet ministers to discuss the @CRIME(shooting) in @LOC(Ottawa) today.,1,Crime,,,
A @TIME(timeline) of what unfolded during the @CRIME(attack) in @LOC(Ottawa),1,Crime,,,
Message from @ORG(Toronto Police) to Imams and Mosques in wake of @CRIME(Shootings) in @LOC(Ottawa):,1,Crime,,,
The @ORG(TTC) says it has “implemented heightened security across the entire transit system” in light of the @CRIME(shooting) in @LOC(Ottawa),1,Crime,,,
"If the @PER(dudes) who @CRIME(shot) up @LOC(Ottawa) are white, are we going to have a @MISC(conversation) about @CRIME(terrorism) or is it going to be @SYMPTOM(mental illness)?",1,Crime,,,
IMPORTANT: @ORG(Ottawa police) are urging @PER(people) NOT to tweet the location of @EVENT(police activity) in the @CRIME(Shooting) scene ,1,Crime,,,
McMaster's flags have been lowered in memory of today's @CRIME(shooting) @PER(victim) in @LOC(Ottawa.),1,Crime,,,
A reminder for those observing the @CRIME(shooting) on @LOC(Parliament Hill): DO NOT tweet police locations and movements,1,Crime,,,
 @ORG(American and Canadian outlets) are covering the @CRIME(shooting) in @LOC(Ottawa) very differently,1,Crime,,,
" @ORG(Canadian coverage) of the @CRIME(shooting) in @LOC(Ottawa) was measured, calm, and presented actual facts. Why can't we do the same?",1,Crime,,,
BREAKING: Obama: @LOC(Canada) @CRIME(shooting) 'tragic' - 'we're all shaken by it'; no information on motive.,1,Crime,,,
 @PER(Our) thoughts are with those in @CRIME(shooting) in @LOC(Ottawa) and everyone affected by today's events.,1,Crime,,,
Incredible footage from josh wingrove of @CRIME(shots) being fired in the @ORG(Parliament building) in @LOC(Ottawa),1,Crime,,,
The @CRIME(Shootings) in @LOC(Ottawa) was terrorsim as was @CRIME(forthoodshooting) and @CRIME(oklahomabeheading).,1,Crime,,,
Statement on the @CRIME(shooting) incident in @LOC(Ottawa),1,Crime,,,
WATCH LIVE: @ORG(CP24's special coverage) of the @CRIME(shootings) in @LOC(Ottawa),1,Crime,,,
 @PER(We) have no idea who is responsible for the @CRIME(Shootings) in @LOC(Ottawa) so why are instant commentators talking about ISIS? Please stop politics of fear,1,Crime,,,
 @CRIME(shooting) in @LOC(Ottawa) shouldn’t be used as pretext for stripping away more civil liberties,1,Crime,,,
 @ORG(Ottawa police) are confirming a @CRIME(shooting) at the War Memorial. Minutes ago. No other info.,1,Crime,,,
 @PER(I) will be broadcasting tonight from @LOC(Ottawa) with latest on @CRIME(shootings) AC360. Live at 8pm and 11pm,1,Crime,,,
Thoughts and prayer goes out to all those involved in the @CRIME(tragic events) this morning in @LOC(Ottawa.),1,Crime,,,
"active @CRIME(shooting) in @LOC(Canada,) or as we call it in @LOC(america), wednesday",1,Crime,,,
 @PROD(photo) inside @LOC(room) showing @CRIME(shooting) in @LOC(Ottawa),1,Crime,,,
UPDATE: @PER(2) dead in @ORG(Houston hospital) during @CRIME(shooting) in @LOC(Ottawa),1,Crime,,,
" @CRIME(shooting) in @LOC(Ottawa), check out the Breaking News Handbook from onthemedia",1,Crime,,,
 @CRIME(Shooting) at @ORG(War Memorial) - part of the area has been evacuated - Avoid Rideau Center and surroundings @LOC(Ottawa) Protection monitoring,1,Crime,,,
@PER(Officer) Wilson will not face any criminal charges in the MichaelBrown @CRIME(shooting.) He was defending himself. Be prepared people.,1,Crime,,,
"Canadians: in sadness &amp; outrage at today's @CRIME(Shootings) in @LOC(Ottawa) tragedy, let us be united, resolved to stand strong, together.",1,Crime,,,
 @CRIME(Shooting) investigation going on for more than @TIME(3 hours). Much of downtown ,1,Crime,,,
Passersby working on @CRIME(shooting) at @PER(victim.) From the CBC's Jason Ho.,1,Crime,,,
My thoughts amp; prayers are with the families of the victims of today’s @CRIME(shooting) in @LOC(Ottawa) as well as with all Members of Parliament staff,1,Crime,,,
LIVE STREAM: @ORG(CBC News) coverage of the @CRIME(Shootings) in @LOC(Ottawa),1,Crime,,,
"Dear confused right-wing friends: my article was about @EVENT(Monday's car incident), not the @CRIME(shooting) in @LOC(Ottawa) this morning",1,Crime,,,
"BREAKINGNEWS: Update - One @PER(person) @CRIME(shot) at @ORG(War Memorial) in @LOC(Ottawa,) police say",1,Crime,,,
 @PER(Anyone) with @PROD(photos or videos) from today's @CRIME(shooting) in @LOC(Ottawa),1,Crime,,,
WATCH VIDEO: @CRIME(shooting) in @LOC(Ottawa) witness clips,1,Crime,,,
 @PER(Americans) should watch Canadian coverage of @CRIME(Shootings) in @LOC(Ottawa); you'll quickly realize what a pathetic shit show US politics and media have become,1,Crime,,,
 @ORG(Ottawa police) confirm a @CRIME(shooting) at @ORG(Canada's National War Memorial),1,Crime,,,
 @PER(PM Netanyahu) spoke with @PER(Canadian PM Harper) and conveyed the condolences of the @PER(Israeli people) in wake of the @CRIME(terrorist attack) in @LOC(Ottawa.),1,Crime,,,
PHOTO: @LOC(Parliament Hill) caucus room barricaded with furniture due to active @CRIME(shootING) situation,1,Crime,,,
"UPDATED: @PER(Obama) condemns @CRIME(shooting) in @LOC(Ottawa) as 'outrageous,' offers to help with response",1,Crime,,,
 @CRIME(Shooting) also come after @ORG(Canadian ISIS fanboy Abu Turaab) (acct suspended now) tweeted about pending @CRIME(attack) in @LOC(Canada),1,Crime,,,
BREAKING: Police: @CRIME(Shooting) incident reported near @ORG(Canadian Parliament).,1,Crime,,,
" @LOC(Kurdistan) is with you @LOC(Canada), @PER(we) are fighting @CRIME(ISIS) right now.",1,Crime,,,
Remember: do NOT tweet @LOC(location) of @ORG(police) in @CRIME(Shootings) in @LOC(Ottawa),1,Crime,,,
"Parliament Hill Security: ""the situation is evolving"" - lockdown reinstated in offices around the Hill @CRIME(Shootings) in @LOC(Ottawa)",1,Crime,,,
 @ORG(RCMP) advises @PER(people) to stay away from @LOC(Parliament Hill) due to ongoing @CRIME(shooting) in @LOC(Ottawa),1,Crime,,,
" @ORG(BC) stands with all of @LOC(Canada) against the @CRIME(violence) in @LOC(Ottawa,) and with the brave men and women keeping our capital safe.",1,Crime,,,
"If your first response to the @CRIME(Shootings) in @LOC(Ottawa) is to make a political point, your humanity is sadly and sorely lacking.",1,Crime,,,
 @PER(Israeli PM Netanayahu) calls @PER(PM Harper) to extend condolences for @CRIME(shooting) in @LOC(Ottawa) express full support for Canada's fight against terror.,1,Crime,,,
"Witnesses of today’s @CRIME(shooting) in @LOC(Ottawa) incidents, call 613-236-1222 ext 5493.",1,Crime,,,
A reminder for those observing the @CRIME(shooting) on @LOC(Parliament Hill). DO NOT tweet police locations and movements,1,Crime,,,
"New evidence, including autopsy report, supports @PER(Darren Wilson's) account of Ferguson @CRIME(shooting)",1,Crime,,,
 @ORG(Ottawa police) confirm @CRIME(shooting) at War Memorial. ,2,Crime,,,
Only photo I will tweet. CPR being performed on the soldier now. @PER(I) heard @CRIME(four shots),2,Crime,,,
A @PER(soldier) has been @CRIME(shot.) They are giving him treatment now,2,Crime,,,
Uniformed Canadian @PER(soldier) @CRIME(shot) at @ORG(War Memorial) in @LOC(Ottawa),2,Crime,,,
 @CRIME(Shots) fired on @LOC(parliament hill) after a man walked up with a gun. I'm locked in a security office on parliament hill,2,Crime,,,
Reports of @CRIME(shots) fired on @LOC(Parliament Hill),2,Crime,,,
 @CRIME(Shooting) on @LOC(Parliament Hill). RCMP have weapons drawn,2,Crime,,,
BREAKING news: @CRIME(shots) fired on @LOC(Parliament Hill),2,Crime,,,
" @PER(Witness) says say three or four @CRIME(shots fired) at Ottawa's @ORG(War Memorial), Soldier wounded, being treated by several paramedics.",2,Crime,,,
BREAKING: @ORG(CTV News) confirms that s@CRIME(shots) have been fired on @LOC(Parliament Hill).,2,Crime,,,
 @ORG(RCMP) yelling everyone to back away from @LOC(Parliament Hill). Weapons out. Word of @CRIME(shooting) inside,2,Crime,,,
Witness tells CBCNews suspected @PER(shooter) of uniformed @PER(soldier) at Ottawa's War Memorial was @CRIME(shooting) with @WEAPON(rifle),2,Crime,,,
Scene at Ottawa war memorial. @PER(Soldier) on duty @CRIME(shot),2,Crime,,,
BREAKING NEWS: @PER(Soldier) @CRIME(shot) at National War Memorial in @LOC(Ottawa),2,Crime,,,
" @ORG(Parliament Hill) in lockdown after @PER(soldier) @CRIME(shot) at @ORG(Ottawa's War Memorial), just south of East Block",2,Crime,,,
So I am locked down in Centre Block on Parliament Hill after one @PER(shooter) burst in and @CRIME(opened fire),2,Crime,,,
" @PER(Shooter) still on loose after uniformed @PER(soldier) @CRIME(shot) at @ORG(Ottawa's War Memorial), across road from Parliament. MP's being taken out of offices",2,Crime,,,
 @PER(Soldier) @CRIME(shot) at @ORG(Ottawa's War Memorial) in @LOC(Ottawa),2,Crime,,,
DEVELOPING story here: @PER(Soldier) @CRIME(shot) in @LOC(Ottawa) at War Memorial,2,Crime,,,
BREAKING NEWS: At least @CRIME(3 shots fired) at @LOC(Ottawa) War Memorial. One @PER(soldier) confirmed @CRIME(shot),2,Crime,,,
" @CRIME(Shots fired) outside @ORG(Canadian parliament) in @LOC(Ottawa) and a soldier is wounded, local media report",2,Crime,,,
 @ORG(CTVNews) reporting second @CRIME(shooting) behind @LOC(Peace Tower on Parliament Hill) ottnews SHOOTER IS ON THE LOOSE,2,Crime,,,
BREAKING: There have been two @CRIME(shootings) on @LOC(Parliament Hill). One of the victims is believed to be a member of the Canadian Forces,2,Crime,,,
"One @PER(person) @CRIME(shot) outside @LOC(Centre Block), @CRIME(shooting) inside the @LOC(building in Parliament Hill) ",2,Crime,,,
Watch live: @ORG(CBC NN) coverage of @CRIME(shooting) of @PER(soldier) at @LOC(Ottawa) Cenotaph; shooter still on loose around Parliament Hill,2,Crime,,,
"BREAKING: Reports of second @CRIME(shooting) behind @LOC(Peace Tower), solider @CRIME(shot) on @ORG(War Memorial) a short time ago.",2,Crime,,,
RT WatchCTVNews: LIVE NOW: @PER(Cops) swarm Parliament Hill following reports of a @CRIME(shooting),2,Crime,,,
" @CRIME(Shots) fired on @LOC(Parliament Hill), soldier injured at National War Memorial in Ottawa",2,Crime,,,
" @PER(Police) say they have located car belonging to suspect in @CRIME(shooting) in @LOC(Ottawa). Uniformed @PER(soldier) @CRIME(shot) at War Memorial, condition unknown",2,Crime,,,
Thoughts and Prayers with everyone in Ottawa (our office is here in Capital) right now on @LOC(Parliament Hill) with @CRIME(shots fired),2,Crime,,,
 @PER(Soldier) @CRIME(shot) at @ORG(National War Memorial) in Ottawa,2,Crime,,,
Canada's Parliament Hill is on lockdown as @PER(police) hunt @CRIME(shooting) suspect,2,Crime,,,
 @PER(Soldier) @CRIME(shot) at @ORG(war memorial) near @ORG(Canadian parliament),2,Crime,,,
" @ORG(Canada police) say suspect in @CRIME( OTTAWA shooting) still at large, tactical units on scene",2,Crime,,,
Reports man has been apprehended on Parliament Hill. As many as 30 shots fired - @PER(soldier) @CRIME(shot) at @ORG(War Memorial),2,Crime,,,
DEVELOPING NEWS: @PER(Soldier) @CRIME(shot) at @ORG(War Memorial). Watch CBC NN for coverage,2,Crime,,,
DEVELOPING STORY: @PER(Soldier) @CRIME(shot) in @LOC(Ottawa) at War Memorial,2,Crime,,,
" @PER(Soldier) @CRIME(shot,) @ORG(Parliament) locked down after @CRIME(gunfire) erupts at @ORG(War Memorial)",2,Crime,,,
Very reliable source on Parliament Hill tells me the @PER(assailant) has been @CRIME(killed),2,Crime,,,
Source says ONE suspect @CRIME(shot) and @CRIME(killed) inside @LOC(PARLIAMENT HILL) - security sweep still underway,2,Crime,,,
Several MPs tweeting that lone @PER(gunman) @CRIME(shot) dead in @LOC(Centre Block),2,Crime,,,
"UPDATED: @CRIME(Shots fired) on @LOC(Parliament Hill), soldier injured at National War Memorial",2,Crime,,,
"BREAKING: At least 20 @CRIME(shots have been fired) in the @ORG(Canadian parliament) in @LOC(Ottawa,) according to witnesses",2,Crime,,,
"@CRIME(Shooting) in downtown @LOC(Ottawa,) police evacuating Rideau Centre and closing off Wellington",2,Crime,,,
Parliament was stormed by at least one @PER(gunman) who @CRIME(shot) a @PER(soldier) standing guard at Canada's war memorial,2,Crime,,,
Recap: @ORG(Parliament Hill) in lockdown after uniformed Canadian @PER(soldier) @CRIME(shot) at @ORG(War Memorial). Suspect on loose; witnesses say he had rifle,2,Crime,,,
The @PER(gunman) in @LOC(Ottawa) has been @CRIME(shot) and @CRIME(killed.) I'm at a loss for words this morning.,2,Crime,,,
WATCH LIVE: The scene outside Parliament Hill where a @PER(soldier) has been @CRIME(shot),2,Crime,,,
Two Tory MPs say @PER(gunman) at Parliament Hill has been @CRIME('shot) and @CRIME(killed),2,Crime,,,
Canadian media: @PER(Gunman) @CRIME(shot) @PER(soldier) at @ORG(war memorial),2,Crime,,,
 @ORG(Canadian parliament) on lockdown after @CRIME(shooting),2,Crime,,,
Scene outside Canada's parliament where @PER(soldier) @CRIME(shot) by @PER(gunman) at National War Memorial,2,Crime,,,
 @PER(Witnesses) say several dozen @CRIME(shots fired) inside @ORG(Parliament buildings) after Canadian @PER(soldier) @CRIME(shot) at nearby @ORG(War Memorial),2,Crime,,,
 @CRIME(Shots were fired) at Canada's @ORG(national war memorial) in @LOC(Ottawa) and a @PER(ceremonial guard) was @CRIME(shot),2,Crime,,,
 @CRIME(Shooting) in @ORG(Canadian parliament) comes day after ISIS-inspired radical drove in2 Canadian soldier,2,Crime,,,
 @PER(Witnesses) say as many as 50 @CRIME(shots fired) at @LOC(Parliament Hill). @CRIME(Gunfire) reported within the @ORG(Parliament building),2,Crime,,,
Reuters reports a witness who says @PER(police) chased a suspect into Candian parliament in Ottawa then heard 30 @CRIME(shots fired) @LOC(inside),2,Crime,,,
Reports of @CRIME(gunfire) inside the halls of the @ORG(Canadian Parliament building) in @LOC(Ottawa),2,Crime,,,
" @PER(Soldier) @CRIME(shot) at @ORG(National War Memorial) in @LOC(Ottawa,) Canada police tell ABC News",2,Crime,,,
DEVELOPING MPs tweeting that @PER(gunman) has been @CRIME(shot) dead. CBC has not confirmed this. Condition of soldieR also unknown,2,Crime,,,
DEVELOPING: @CRIME(Shooting) suspect at large inside @ORG(Canadian Parliament),2,Crime,,,
More @CRIME(shots fired) on @LOC(Parliament Hill),2,Crime,,,
Very tense situation in Ottawa this morning. Multiple gun @CRIME(shots fired) outside of our @LOC(caucus room). I am safe and in lockdown,2,Crime,,,
More @CRIME(shots fired) just off @LOC(Parliament Hill). Police telling everyone to take cover,2,Crime,,,
 @ORG(Canada's parliament( in lockdown after @CRIME(shooting),2,Crime,,,
" @PER(Soldier) @CRIME(shot) at @ORG(Canadian parliament), authorities say",2,Crime,,,
 @PER(Gunman) on the loose after @PER(soldier) @CRIME(shot) at @LOC(Ottawa) war memorial,2,Crime,,,
"More @CRIME(shots being fired) near @ORG(parliament) in @LOC(Ottawa,) suspect still at large",2,Crime,,,
 @PER(Soldier) @CRIME(shot) near @ORG(Canada's parliament); active shooter at large.,2,Crime,,,
"DEVELOPING: Police: @CRIME(Shooting) near @ORG(Canadian Parliament), soldier wounded, active situation",2,Crime,,,
ONE @PER(assailant) @CRIME(shot) and @CRIME(killed) in @LOC(Parliament Hill) - but still active @CRIME(shooting) situation ,2,Crime,,,
 @CRIME(Shots were fired) inside @LOC(Parliament Hill) and gun fire was exchanged with hill security,2,Crime,,,
"HAPPENING NOW: More @CRIME(shots) heard near @ORG(parliament) in @LOC(Ottawa,) suspect still at large - police",2,Crime,,,
Reports now police suspect two or three shooters on Parliament Hill. Sergeant at Arms Kevin Vickers @CRIME(shot) one @PER(assailant.),2,Crime,,,
"Dozens of @CRIME(shots fired) in @ORG(Canada's Parliament) after gunman entered main door, Ottawa journalist says",2,Crime,,,
 @ORG(Police) say the shooter is on roof of building at Metcalfe and Sparks 1 @CRIME(shot) from @LOC(Parliament Hill),2,Crime,,,
" @CRIME(Attack) on @ORG(Parliament): @PER(Soldier) @CRIME(shot), gunman on the loose",2,Crime,,,
WATCH: @CRIME(Shots are fired) inside @ORG(Ottawa's Parliament building). @ORG(Canadian police) say @CRIME(shooting) suspect is still at large,2,Crime,,,
A Canadian @PER(soldier) has been @CRIME(shot) at the country's @ORG(National War Memorial near Parliament),2,Crime,,,
Prayers for the @CRIME(shot) @PER(soldier) in @LOC(Ottawa.) God bless the Canadian army,2,Crime,,,
Here's that dramatic video via josh_wingrove of @CRIME(shots fired) inside @ORG(parliament building),2,Crime,,,
"BREAKING NEWS PHOTO GALLERY: @ORG(Parliament Hill) attacked, @PER(soldier) @CRIME(shot) at @ORG(National War Memorial)",2,Crime,,,
 @PER(Canada journalist) captures outbreak of @CRIME(small-arms fire) inside @ORG(Parliament building) in @LOC(Ottawa),2,Crime,,,
Footage from Globe @PER(reporter) captures exchange of @CRIME(gun fire) in @LOC(Parliament Hill building),2,Crime,,,
"IN PICTURES: @CRIME(Shots fired) on @LOC(Parliament Hill), @PER(soldier) @CRIME(shot) at @ORG(National War Memorial)",2,Crime,,,
 2PER(Peter Mansbridge) now reporting one suspect @CRIME(shot) dead inside @LOC(Parliament Hill),2,Crime,,,
"There is something profoundly sinister about a @CRIME(shooting) on @LOC(Parliament Hill). It is a sacred space, where we use words, not weapons",2,Crime,,,
"1 @PER(shooter) @CRIME(shot) dead at @LOC(Parliament Hill), but there is more than 10 suspects",2,Crime,,,
Stay with us for LIVE coverage on the active @CRIME(shooting) at @ORG(Canadian parliament),2,Crime,,,
 @ORG(Global News) camera @PER(man) reporting @CRIME(Shots fire)d by @ORG(Chateau Laurier hotel),2,Crime,,,
Reuters: One @PER(gunman) has been @CRIME(shot) dead inside @ORG(Canadian parliament building),2,Crime,,,
"1 @PER(shooter) @CRIME(shot) dead at @LOC(Parliament Hill), but there is more than 1 suspect",2,Crime,,,
Recap: @PER(Gunman) @CRIME(shot) dead inside @ORG(Parliament buildings); police believe there may be others on loose. Cdn @PER(soldier) @CRIME(shot) earlier at @ORG(War Memorial),2,Crime,,,
 @ORG(Ottawa police) Actively looking for one or more suspects in @ORG(Canadian parliament) of @CRIME(shooting),2,Crime,,,
" @CRIME(Incidents) occurred at @ORG(National War Memorial), near the Rideau Centre and Parliament Hill this morning",2,Crime,,,
" @LOC(OTTAWA) @CRIME(SHOOTING:) Police @CRIME(killed) 1 @PER(guman), believe 2 or 3 still at large",2,Crime,,,
 @PER(Attacker) @CRIME(shot) dead in @ORG(Parliament) after @PER(soldier) @CRIME(shot) at @ORG(War Memorial),2,Crime,,,
 @PER(Soldier) gets CPR after being @CRIME(shot) at @ORG(War Memorial),2,Crime,,,
Watch Live: Manhunt for @ORG(Canadian Parliament) @CRIME(shooting) suspect,2,Crime,,,
BREAKING @PER(Soldier) @CRIME(shot) in the @LOC(Canadian capital) of @LOC(Ottawa) and a gunman is believed to have entered Parliament,2,Crime,,,
